<?xml version="1.0" encoding="UTF-8"?>
<module codename="org.openide.text">
    <module_version install_time="1370463537148" last="true" origin="installer" specification_version="6.54.2">
        <file crc="2441864466" name="config/ModuleAutoDeps/org-openide-text.xml"/>
        <file crc="1795978028" name="config/Modules/org-openide-text.xml"/>
        <file crc="532547108" name="modules/locale/org-openide-text_ja.jar"/>
        <file crc="2266475360" name="modules/locale/org-openide-text_pt_BR.jar"/>
        <file crc="3462568954" name="modules/locale/org-openide-text_ru.jar"/>
        <file crc="3713654346" name="modules/locale/org-openide-text_zh_CN.jar"/>
        <file crc="1036514294" name="modules/org-openide-text.jar"/>
    </module_version>
</module>
