<?xml version="1.0" encoding="UTF-8"?>
<module codename="org.netbeans.modules.keyring">
    <module_version install_time="1370463237871" last="true" origin="installer" specification_version="1.14.1">
        <file crc="3581559990" name="config/Modules/org-netbeans-modules-keyring.xml"/>
        <file crc="3334750952" name="modules/locale/org-netbeans-modules-keyring_ja.jar"/>
        <file crc="4018684021" name="modules/locale/org-netbeans-modules-keyring_pt_BR.jar"/>
        <file crc="2399899744" name="modules/locale/org-netbeans-modules-keyring_ru.jar"/>
        <file crc="3827700191" name="modules/locale/org-netbeans-modules-keyring_zh_CN.jar"/>
        <file crc="3352859680" name="modules/org-netbeans-modules-keyring.jar"/>
    </module_version>
</module>
