<?xml version="1.0" encoding="UTF-8"?>
<module codename="org.netbeans.core.windows/2">
    <module_version install_time="1370464427963" last="true" origin="installer" specification_version="2.58.5">
        <file crc="1059846727" name="config/Modules/org-netbeans-core-windows.xml"/>
        <file crc="3052711534" name="modules/locale/org-netbeans-core-windows_ja.jar"/>
        <file crc="2045834585" name="modules/locale/org-netbeans-core-windows_pt_BR.jar"/>
        <file crc="3905415942" name="modules/locale/org-netbeans-core-windows_ru.jar"/>
        <file crc="2695036104" name="modules/locale/org-netbeans-core-windows_zh_CN.jar"/>
        <file crc="972947473" name="modules/org-netbeans-core-windows.jar"/>
    </module_version>
</module>
