<?xml version="1.0" encoding="UTF-8"?>
<module codename="org.openide.dialogs">
    <module_version install_time="1370463241414" last="true" origin="installer" specification_version="7.28.1">
        <file crc="807629635" name="config/Modules/org-openide-dialogs.xml"/>
        <file crc="765386516" name="modules/locale/org-openide-dialogs_ja.jar"/>
        <file crc="3236963511" name="modules/locale/org-openide-dialogs_pt_BR.jar"/>
        <file crc="1835742318" name="modules/locale/org-openide-dialogs_ru.jar"/>
        <file crc="2106066509" name="modules/locale/org-openide-dialogs_zh_CN.jar"/>
        <file crc="1712804567" name="modules/org-openide-dialogs.jar"/>
    </module_version>
</module>
