<?xml version="1.0" encoding="UTF-8"?>
<module codename="org.openide.explorer">
    <module_version install_time="1370463587733" last="true" origin="installer" specification_version="6.50.3">
        <file crc="4044847399" name="config/ModuleAutoDeps/org-openide-explorer.xml"/>
        <file crc="3046209104" name="config/Modules/org-openide-explorer.xml"/>
        <file crc="974751155" name="modules/locale/org-openide-explorer_ja.jar"/>
        <file crc="3596439193" name="modules/locale/org-openide-explorer_pt_BR.jar"/>
        <file crc="335418079" name="modules/locale/org-openide-explorer_ru.jar"/>
        <file crc="574626065" name="modules/locale/org-openide-explorer_zh_CN.jar"/>
        <file crc="2757123942" name="modules/org-openide-explorer.jar"/>
    </module_version>
</module>
