<?xml version="1.0" encoding="UTF-8"?>
<module codename="org.openide.loaders">
    <module_version install_time="1370463606537" last="true" origin="installer" specification_version="7.44.3">
        <file crc="3523985554" name="config/ModuleAutoDeps/org-openide-loaders.xml"/>
        <file crc="3241200" name="config/Modules/org-openide-loaders.xml"/>
        <file crc="1094048037" name="modules/locale/org-openide-loaders_ja.jar"/>
        <file crc="2076386850" name="modules/locale/org-openide-loaders_pt_BR.jar"/>
        <file crc="128616714" name="modules/locale/org-openide-loaders_ru.jar"/>
        <file crc="84934533" name="modules/locale/org-openide-loaders_zh_CN.jar"/>
        <file crc="2119186730" name="modules/org-openide-loaders.jar"/>
    </module_version>
</module>
