<?xml version="1.0" encoding="UTF-8"?>
<module codename="org.netbeans.core/2">
    <module_version install_time="1370463878252" last="true" origin="installer" specification_version="3.37.2">
        <file crc="1234898518" name="config/ModuleAutoDeps/org-netbeans-core.xml"/>
        <file crc="2943625018" name="config/Modules/org-netbeans-core.xml"/>
        <file crc="2601114686" name="modules/ext/nsProxyAutoConfig.js"/>
        <file crc="836077842" name="modules/locale/org-netbeans-core_ja.jar"/>
        <file crc="4155567994" name="modules/locale/org-netbeans-core_pt_BR.jar"/>
        <file crc="3392610953" name="modules/locale/org-netbeans-core_ru.jar"/>
        <file crc="3622013287" name="modules/locale/org-netbeans-core_zh_CN.jar"/>
        <file crc="4149596328" name="modules/org-netbeans-core.jar"/>
    </module_version>
</module>
