<?xml version="1.0" encoding="UTF-8"?>
<module codename="org.netbeans.modules.masterfs.solaris">
    <module_version install_time="1370463289471" last="true" origin="installer" specification_version="1.4.1">
        <file crc="124835977" name="config/Modules/org-netbeans-modules-masterfs-solaris.xml"/>
        <file crc="4103637772" name="modules/locale/org-netbeans-modules-masterfs-solaris_ja.jar"/>
        <file crc="3982671994" name="modules/locale/org-netbeans-modules-masterfs-solaris_pt_BR.jar"/>
        <file crc="4140077991" name="modules/locale/org-netbeans-modules-masterfs-solaris_ru.jar"/>
        <file crc="2391972072" name="modules/locale/org-netbeans-modules-masterfs-solaris_zh_CN.jar"/>
        <file crc="2831498037" name="modules/org-netbeans-modules-masterfs-solaris.jar"/>
    </module_version>
</module>
