<?xml version="1.0" encoding="UTF-8"?>
<module codename="org.openide.util">
    <module_version install_time="1370463090233" last="true" origin="installer" specification_version="8.29.3">
        <file crc="3298874072" name="config/ModuleAutoDeps/org-openide-util.xml"/>
        <file crc="2943374824" name="lib/locale/org-openide-util_ja.jar"/>
        <file crc="3205179863" name="lib/locale/org-openide-util_pt_BR.jar"/>
        <file crc="2615802500" name="lib/locale/org-openide-util_ru.jar"/>
        <file crc="1853533786" name="lib/locale/org-openide-util_zh_CN.jar"/>
        <file crc="3844170252" name="lib/org-openide-util.jar"/>
    </module_version>
</module>
