<?xml version="1.0" encoding="UTF-8"?>
<module codename="org.netbeans.core.ui/1">
    <module_version install_time="1370464076701" last="true" origin="installer" specification_version="1.35.1">
        <file crc="3186674130" name="config/Modules/org-netbeans-core-ui.xml"/>
        <file crc="3939052834" name="modules/locale/org-netbeans-core-ui_ja.jar"/>
        <file crc="3550654348" name="modules/locale/org-netbeans-core-ui_pt_BR.jar"/>
        <file crc="2935974079" name="modules/locale/org-netbeans-core-ui_ru.jar"/>
        <file crc="117262731" name="modules/locale/org-netbeans-core-ui_zh_CN.jar"/>
        <file crc="1462212438" name="modules/org-netbeans-core-ui.jar"/>
    </module_version>
</module>
