<?xml version="1.0" encoding="UTF-8"?>
<module codename="org.netbeans.core.io.ui/1">
    <module_version install_time="1370463533124" last="true" origin="installer" specification_version="1.20.1">
        <file crc="937424920" name="config/Modules/org-netbeans-core-io-ui.xml"/>
        <file crc="3012565133" name="modules/locale/org-netbeans-core-io-ui_ja.jar"/>
        <file crc="4202414593" name="modules/locale/org-netbeans-core-io-ui_pt_BR.jar"/>
        <file crc="433993791" name="modules/locale/org-netbeans-core-io-ui_ru.jar"/>
        <file crc="3753186430" name="modules/locale/org-netbeans-core-io-ui_zh_CN.jar"/>
        <file crc="3140036163" name="modules/org-netbeans-core-io-ui.jar"/>
    </module_version>
</module>
