<?xml version="1.0" encoding="UTF-8"?>
<module codename="org.netbeans.api.search">
    <module_version install_time="1370463613691" last="true" origin="installer" specification_version="1.8.4">
        <file crc="3710953649" name="config/Modules/org-netbeans-api-search.xml"/>
        <file crc="1409053465" name="modules/locale/org-netbeans-api-search_ja.jar"/>
        <file crc="886448200" name="modules/locale/org-netbeans-api-search_pt_BR.jar"/>
        <file crc="2223181266" name="modules/locale/org-netbeans-api-search_ru.jar"/>
        <file crc="2325826738" name="modules/locale/org-netbeans-api-search_zh_CN.jar"/>
        <file crc="554774081" name="modules/org-netbeans-api-search.jar"/>
    </module_version>
</module>
