<?xml version="1.0" encoding="UTF-8"?>
<module codename="org.openide.nodes">
    <module_version install_time="1370463392344" last="true" origin="installer" specification_version="7.33.2">
        <file crc="11361373" name="config/ModuleAutoDeps/org-openide-nodes.xml"/>
        <file crc="3092369940" name="config/Modules/org-openide-nodes.xml"/>
        <file crc="2172333098" name="modules/locale/org-openide-nodes_ja.jar"/>
        <file crc="1671407763" name="modules/locale/org-openide-nodes_pt_BR.jar"/>
        <file crc="3577186879" name="modules/locale/org-openide-nodes_ru.jar"/>
        <file crc="1422290444" name="modules/locale/org-openide-nodes_zh_CN.jar"/>
        <file crc="3833888614" name="modules/org-openide-nodes.jar"/>
    </module_version>
</module>
