<?xml version="1.0" encoding="UTF-8"?>
<module codename="org.openide.options">
    <module_version install_time="1370463540715" last="true" origin="installer" specification_version="6.26.1">
        <file crc="2763036759" name="config/Modules/org-openide-options.xml"/>
        <file crc="1954814201" name="modules/locale/org-openide-options_ja.jar"/>
        <file crc="1293843837" name="modules/locale/org-openide-options_pt_BR.jar"/>
        <file crc="3600868326" name="modules/locale/org-openide-options_ru.jar"/>
        <file crc="924156377" name="modules/locale/org-openide-options_zh_CN.jar"/>
        <file crc="2699011907" name="modules/org-openide-options.jar"/>
    </module_version>
</module>
