<?xml version="1.0" encoding="UTF-8"?>
<module codename="org.netbeans.spi.quicksearch">
    <module_version install_time="1370463575125" last="true" origin="installer" specification_version="1.17.1">
        <file crc="2420451830" name="config/Modules/org-netbeans-spi-quicksearch.xml"/>
        <file crc="613419367" name="modules/locale/org-netbeans-spi-quicksearch_ja.jar"/>
        <file crc="261654489" name="modules/locale/org-netbeans-spi-quicksearch_pt_BR.jar"/>
        <file crc="1695998787" name="modules/locale/org-netbeans-spi-quicksearch_ru.jar"/>
        <file crc="1063482420" name="modules/locale/org-netbeans-spi-quicksearch_zh_CN.jar"/>
        <file crc="1007637206" name="modules/org-netbeans-spi-quicksearch.jar"/>
    </module_version>
</module>
