<?xml version="1.0" encoding="UTF-8"?>
<module codename="org.netbeans.bootstrap/1">
    <module_version install_time="1370463417393" last="true" origin="installer" specification_version="2.56.2">
        <file crc="3667493319" name="lib/boot.jar"/>
        <file crc="477869409" name="lib/locale/boot_ja.jar"/>
        <file crc="1679940827" name="lib/locale/boot_pt_BR.jar"/>
        <file crc="1743392736" name="lib/locale/boot_ru.jar"/>
        <file crc="3964689212" name="lib/locale/boot_zh_CN.jar"/>
        <file crc="4211222598" name="lib/nbexec"/>
        <file crc="1785119354" name="lib/nbexec.dll"/>
        <file crc="1385299370" name="lib/nbexec.exe"/>
        <file crc="14462315" name="lib/nbexec64.dll"/>
        <file crc="291493605" name="lib/nbexec64.exe"/>
    </module_version>
</module>
