<?xml version="1.0" encoding="UTF-8"?>
<module codename="org.netbeans.modules.editor.mimelookup/1">
    <module_version install_time="1370463330996" last="true" origin="installer" specification_version="1.29.1">
        <file crc="244035803" name="config/Modules/org-netbeans-modules-editor-mimelookup.xml"/>
        <file crc="2780170304" name="modules/locale/org-netbeans-modules-editor-mimelookup_ja.jar"/>
        <file crc="1124433161" name="modules/locale/org-netbeans-modules-editor-mimelookup_pt_BR.jar"/>
        <file crc="2559100871" name="modules/locale/org-netbeans-modules-editor-mimelookup_ru.jar"/>
        <file crc="1782006411" name="modules/locale/org-netbeans-modules-editor-mimelookup_zh_CN.jar"/>
        <file crc="3713838958" name="modules/org-netbeans-modules-editor-mimelookup.jar"/>
    </module_version>
</module>
