<?xml version="1.0" encoding="UTF-8"?>
<module codename="org.openide.filesystems">
    <module_version install_time="1370463211039" last="true" origin="installer" specification_version="8.5.1">
        <file crc="4169761098" name="config/ModuleAutoDeps/org-openide-filesystems.xml"/>
        <file crc="2411396764" name="core/locale/org-openide-filesystems_ja.jar"/>
        <file crc="3629393103" name="core/locale/org-openide-filesystems_pt_BR.jar"/>
        <file crc="281996344" name="core/locale/org-openide-filesystems_ru.jar"/>
        <file crc="1670857186" name="core/locale/org-openide-filesystems_zh_CN.jar"/>
        <file crc="525130186" name="core/org-openide-filesystems.jar"/>
    </module_version>
</module>
