<?xml version="1.0" encoding="UTF-8"?>
<module codename="org.netbeans.modules.settings/1">
    <module_version install_time="1370463778654" last="true" origin="installer" specification_version="1.38.2">
        <file crc="554047262" name="config/Modules/org-netbeans-modules-settings.xml"/>
        <file crc="4178322531" name="modules/locale/org-netbeans-modules-settings_ja.jar"/>
        <file crc="3292959424" name="modules/locale/org-netbeans-modules-settings_pt_BR.jar"/>
        <file crc="1788747140" name="modules/locale/org-netbeans-modules-settings_ru.jar"/>
        <file crc="2919213433" name="modules/locale/org-netbeans-modules-settings_zh_CN.jar"/>
        <file crc="1932154215" name="modules/org-netbeans-modules-settings.jar"/>
    </module_version>
</module>
