<?xml version="1.0" encoding="UTF-8"?>
<module codename="org.openide.awt">
    <module_version install_time="1370463231086" last="true" origin="installer" specification_version="7.55.1">
        <file crc="3208246121" name="config/Modules/org-openide-awt.xml"/>
        <file crc="2730390846" name="modules/locale/org-openide-awt_ja.jar"/>
        <file crc="361616890" name="modules/locale/org-openide-awt_pt_BR.jar"/>
        <file crc="3504641986" name="modules/locale/org-openide-awt_ru.jar"/>
        <file crc="2371222352" name="modules/locale/org-openide-awt_zh_CN.jar"/>
        <file crc="1118645827" name="modules/org-openide-awt.jar"/>
    </module_version>
</module>
