<?xml version="1.0" encoding="UTF-8"?>
<module codename="org.netbeans.api.annotations.common/1">
    <module_version install_time="1370462309610" last="true" origin="installer" specification_version="1.17.1">
        <file crc="1285559856" name="config/Modules/org-netbeans-api-annotations-common.xml"/>
        <file crc="4178220824" name="modules/locale/org-netbeans-api-annotations-common_ja.jar"/>
        <file crc="69637884" name="modules/locale/org-netbeans-api-annotations-common_pt_BR.jar"/>
        <file crc="1134347840" name="modules/locale/org-netbeans-api-annotations-common_ru.jar"/>
        <file crc="3251115827" name="modules/locale/org-netbeans-api-annotations-common_zh_CN.jar"/>
        <file crc="866631097" name="modules/org-netbeans-api-annotations-common.jar"/>
    </module_version>
</module>
