<?xml version="1.0" encoding="UTF-8"?>
<module codename="org.netbeans.modules.progress.ui">
    <module_version install_time="1370466521051" last="true" origin="installer" specification_version="1.23.1">
        <file crc="3222128542" name="config/Modules/org-netbeans-modules-progress-ui.xml"/>
        <file crc="3835096585" name="modules/locale/org-netbeans-modules-progress-ui_ja.jar"/>
        <file crc="3250017011" name="modules/locale/org-netbeans-modules-progress-ui_pt_BR.jar"/>
        <file crc="392990477" name="modules/locale/org-netbeans-modules-progress-ui_ru.jar"/>
        <file crc="3145605052" name="modules/locale/org-netbeans-modules-progress-ui_zh_CN.jar"/>
        <file crc="3366712000" name="modules/org-netbeans-modules-progress-ui.jar"/>
    </module_version>
</module>
