<?xml version="1.0" encoding="UTF-8"?>
<module codename="org.netbeans.modules.applemenu/1">
    <module_version install_time="1370464439972" last="true" origin="installer" specification_version="1.27.1">
        <file crc="2121659589" name="config/Modules/org-netbeans-modules-applemenu.xml"/>
        <file crc="1235192472" name="modules/locale/org-netbeans-modules-applemenu_ja.jar"/>
        <file crc="305596855" name="modules/locale/org-netbeans-modules-applemenu_pt_BR.jar"/>
        <file crc="3714163964" name="modules/locale/org-netbeans-modules-applemenu_ru.jar"/>
        <file crc="842377208" name="modules/locale/org-netbeans-modules-applemenu_zh_CN.jar"/>
        <file crc="196213183" name="modules/org-netbeans-modules-applemenu.jar"/>
    </module_version>
</module>
