<?xml version="1.0" encoding="UTF-8"?>
<module codename="org.netbeans.modules.masterfs.macosx">
    <module_version install_time="1370463280635" last="true" origin="installer" specification_version="1.4.1">
        <file crc="4284776310" name="config/Modules/org-netbeans-modules-masterfs-macosx.xml"/>
        <file crc="635896678" name="modules/locale/org-netbeans-modules-masterfs-macosx_ja.jar"/>
        <file crc="186354735" name="modules/locale/org-netbeans-modules-masterfs-macosx_pt_BR.jar"/>
        <file crc="423168404" name="modules/locale/org-netbeans-modules-masterfs-macosx_ru.jar"/>
        <file crc="3778984830" name="modules/locale/org-netbeans-modules-masterfs-macosx_zh_CN.jar"/>
        <file crc="184100508" name="modules/org-netbeans-modules-masterfs-macosx.jar"/>
    </module_version>
</module>
