<?xml version="1.0" encoding="UTF-8"?>
<module codename="org.netbeans.swing.outline">
    <module_version install_time="1370463076893" last="true" origin="installer" specification_version="1.23.3">
        <file crc="3679534386" name="config/Modules/org-netbeans-swing-outline.xml"/>
        <file crc="1228571530" name="modules/locale/org-netbeans-swing-outline_ja.jar"/>
        <file crc="2167056071" name="modules/locale/org-netbeans-swing-outline_pt_BR.jar"/>
        <file crc="2402899614" name="modules/locale/org-netbeans-swing-outline_ru.jar"/>
        <file crc="1202798082" name="modules/locale/org-netbeans-swing-outline_zh_CN.jar"/>
        <file crc="827503481" name="modules/org-netbeans-swing-outline.jar"/>
    </module_version>
</module>
