<?xml version="1.0" encoding="UTF-8"?>
<module codename="org.netbeans.modules.editor.fold/1">
    <module_version install_time="1370463630318" last="true" origin="installer" specification_version="1.32.2.40">
        <file crc="1352432432" name="config/Modules/org-netbeans-modules-editor-fold.xml"/>
        <file crc="3113183860" name="modules/locale/org-netbeans-modules-editor-fold_ja.jar"/>
        <file crc="2890484880" name="modules/locale/org-netbeans-modules-editor-fold_pt_BR.jar"/>
        <file crc="1963774400" name="modules/locale/org-netbeans-modules-editor-fold_ru.jar"/>
        <file crc="2625564715" name="modules/locale/org-netbeans-modules-editor-fold_zh_CN.jar"/>
        <file crc="711771420" name="modules/org-netbeans-modules-editor-fold.jar"/>
    </module_version>
</module>
