<?xml version="1.0" encoding="UTF-8"?>
<module codename="org.netbeans.modules.editor.settings/1">
    <module_version install_time="1370463150178" last="true" origin="installer" specification_version="1.46.1">
        <file crc="561761059" name="config/Modules/org-netbeans-modules-editor-settings.xml"/>
        <file crc="4159411768" name="modules/locale/org-netbeans-modules-editor-settings_ja.jar"/>
        <file crc="1629238989" name="modules/locale/org-netbeans-modules-editor-settings_pt_BR.jar"/>
        <file crc="3429473952" name="modules/locale/org-netbeans-modules-editor-settings_ru.jar"/>
        <file crc="3491743818" name="modules/locale/org-netbeans-modules-editor-settings_zh_CN.jar"/>
        <file crc="757657072" name="modules/org-netbeans-modules-editor-settings.jar"/>
    </module_version>
</module>
