<?xml version="1.0" encoding="UTF-8"?>
<module codename="org.netbeans.modules.editor.search">
    <module_version install_time="1370463759249" last="true" origin="installer" specification_version="1.11.2.0.40">
        <file crc="4056457626" name="config/Modules/org-netbeans-modules-editor-search.xml"/>
        <file crc="902264680" name="modules/locale/org-netbeans-modules-editor-search_ja.jar"/>
        <file crc="2107345974" name="modules/locale/org-netbeans-modules-editor-search_pt_BR.jar"/>
        <file crc="1358737979" name="modules/locale/org-netbeans-modules-editor-search_ru.jar"/>
        <file crc="3479012727" name="modules/locale/org-netbeans-modules-editor-search_zh_CN.jar"/>
        <file crc="3434519321" name="modules/org-netbeans-modules-editor-search.jar"/>
    </module_version>
</module>
