<?xml version="1.0" encoding="UTF-8"?>
<module codename="org.netbeans.modules.editor.util/1">
    <module_version install_time="1370462831716" last="true" origin="installer" specification_version="1.52.1">
        <file crc="1365010955" name="config/Modules/org-netbeans-modules-editor-util.xml"/>
        <file crc="125869880" name="modules/locale/org-netbeans-modules-editor-util_ja.jar"/>
        <file crc="1997511844" name="modules/locale/org-netbeans-modules-editor-util_pt_BR.jar"/>
        <file crc="3612250198" name="modules/locale/org-netbeans-modules-editor-util_ru.jar"/>
        <file crc="3660988193" name="modules/locale/org-netbeans-modules-editor-util_zh_CN.jar"/>
        <file crc="1740003004" name="modules/org-netbeans-modules-editor-util.jar"/>
    </module_version>
</module>
