<?xml version="1.0" encoding="UTF-8"?>
<module codename="org.netbeans.modules.editor.deprecated.pre65formatting/0">
    <module_version install_time="1370463734569" last="true" origin="installer" specification_version="1.12.2.1.5.21.40">
        <file crc="1017076465" name="config/Modules/org-netbeans-modules-editor-deprecated-pre65formatting.xml"/>
        <file crc="1554172625" name="modules/locale/org-netbeans-modules-editor-deprecated-pre65formatting_ja.jar"/>
        <file crc="1344738960" name="modules/locale/org-netbeans-modules-editor-deprecated-pre65formatting_pt_BR.jar"/>
        <file crc="143567241" name="modules/locale/org-netbeans-modules-editor-deprecated-pre65formatting_ru.jar"/>
        <file crc="3396504861" name="modules/locale/org-netbeans-modules-editor-deprecated-pre65formatting_zh_CN.jar"/>
        <file crc="333379995" name="modules/org-netbeans-modules-editor-deprecated-pre65formatting.jar"/>
    </module_version>
</module>
