<?xml version="1.0" encoding="UTF-8"?>
<module codename="org.netbeans.modules.lexer.nbbridge/1">
    <module_version install_time="1370463404439" last="true" origin="installer" specification_version="1.22.1.1">
        <file crc="1332987720" name="config/Modules/org-netbeans-modules-lexer-nbbridge.xml"/>
        <file crc="1658102966" name="modules/locale/org-netbeans-modules-lexer-nbbridge_ja.jar"/>
        <file crc="2468847091" name="modules/locale/org-netbeans-modules-lexer-nbbridge_pt_BR.jar"/>
        <file crc="991423110" name="modules/locale/org-netbeans-modules-lexer-nbbridge_ru.jar"/>
        <file crc="3572826173" name="modules/locale/org-netbeans-modules-lexer-nbbridge_zh_CN.jar"/>
        <file crc="820731909" name="modules/org-netbeans-modules-lexer-nbbridge.jar"/>
    </module_version>
</module>
