<?xml version="1.0" encoding="UTF-8"?>
<module codename="org.netbeans.modules.editor.lib2/1">
    <module_version install_time="1370463359319" last="true" origin="installer" specification_version="1.71.2.40">
        <file crc="1027150669" name="config/Modules/org-netbeans-modules-editor-lib2.xml"/>
        <file crc="2451112528" name="modules/locale/org-netbeans-modules-editor-lib2_ja.jar"/>
        <file crc="250949663" name="modules/locale/org-netbeans-modules-editor-lib2_pt_BR.jar"/>
        <file crc="3092217353" name="modules/locale/org-netbeans-modules-editor-lib2_ru.jar"/>
        <file crc="3798365458" name="modules/locale/org-netbeans-modules-editor-lib2_zh_CN.jar"/>
        <file crc="1035519782" name="modules/org-netbeans-modules-editor-lib2.jar"/>
    </module_version>
</module>
